id,name,code,state_id
res.country_city_1101,KABUPATEN SIMEULUE,1101,ACEH
res.country_city_1102,KABUPATEN ACEH SINGKIL,1102,ACEH
res.country_city_1103,KABUPATEN ACEH SELATAN,1103,ACEH
res.country_city_1104,KABUPATEN ACEH TENGGARA,1104,ACEH
res.country_city_1105,KABUPATEN ACEH TIMUR,1105,ACEH
res.country_city_1106,KABUPATEN ACEH TENGAH,1106,ACEH
res.country_city_1107,KABUPATEN ACEH BARAT,1107,ACEH
res.country_city_1108,KABUPATEN ACEH BESAR,1108,ACEH
res.country_city_1109,KABUPATEN PIDIE,1109,ACEH
res.country_city_1110,KABUPATEN BIREUEN,1110,ACEH
res.country_city_1111,KABUPATEN ACEH UTARA,1111,ACEH
res.country_city_1112,KABUPATEN ACEH BARAT DAYA,1112,ACEH
res.country_city_1113,KABUPATEN GAYO LUES,1113,ACEH
res.country_city_1114,KABUPATEN ACEH TAMIANG,1114,ACEH
res.country_city_1115,KABUPATEN NAGAN RAYA,1115,ACEH
res.country_city_1116,KABUPATEN ACEH JAYA,1116,ACEH
res.country_city_1117,KABUPATEN BENER MERIAH,1117,ACEH
res.country_city_1118,KABUPATEN PIDIE JAYA,1118,ACEH
res.country_city_1171,KOTA BANDA ACEH,1171,ACEH
res.country_city_1172,KOTA SABANG,1172,ACEH
res.country_city_1173,KOTA LANGSA,1173,ACEH
res.country_city_1174,KOTA LHOKSEUMAWE,1174,ACEH
res.country_city_1175,KOTA SUBULUSSALAM,1175,ACEH
res.country_city_1201,KABUPATEN NIAS,1201,SUMATERA UTARA
res.country_city_1202,KABUPATEN MANDAILING NATAL,1202,SUMATERA UTARA
res.country_city_1203,KABUPATEN TAPANULI SELATAN,1203,SUMATERA UTARA
res.country_city_1204,KABUPATEN TAPANULI TENGAH,1204,SUMATERA UTARA
res.country_city_1205,KABUPATEN TAPANULI UTARA,1205,SUMATERA UTARA
res.country_city_1206,KABUPATEN TOBA SAMOSIR,1206,SUMATERA UTARA
res.country_city_1207,KABUPATEN LABUHAN BATU,1207,SUMATERA UTARA
res.country_city_1208,KABUPATEN ASAHAN,1208,SUMATERA UTARA
res.country_city_1209,KABUPATEN SIMALUNGUN,1209,SUMATERA UTARA
res.country_city_1210,KABUPATEN DAIRI,1210,SUMATERA UTARA
res.country_city_1211,KABUPATEN KARO,1211,SUMATERA UTARA
res.country_city_1212,KABUPATEN DELI SERDANG,1212,SUMATERA UTARA
res.country_city_1213,KABUPATEN LANGKAT,1213,SUMATERA UTARA
res.country_city_1214,KABUPATEN NIAS SELATAN,1214,SUMATERA UTARA
res.country_city_1215,KABUPATEN HUMBANG HASUNDUTAN,1215,SUMATERA UTARA
res.country_city_1216,KABUPATEN PAKPAK BHARAT,1216,SUMATERA UTARA
res.country_city_1217,KABUPATEN SAMOSIR,1217,SUMATERA UTARA
res.country_city_1218,KABUPATEN SERDANG BEDAGAI,1218,SUMATERA UTARA
res.country_city_1219,KABUPATEN BATU BARA,1219,SUMATERA UTARA
res.country_city_1220,KABUPATEN PADANG LAWAS UTARA,1220,SUMATERA UTARA
res.country_city_1221,KABUPATEN PADANG LAWAS,1221,SUMATERA UTARA
res.country_city_1222,KABUPATEN LABUHAN BATU SELATAN,1222,SUMATERA UTARA
res.country_city_1223,KABUPATEN LABUHAN BATU UTARA,1223,SUMATERA UTARA
res.country_city_1224,KABUPATEN NIAS UTARA,1224,SUMATERA UTARA
res.country_city_1225,KABUPATEN NIAS BARAT,1225,SUMATERA UTARA
res.country_city_1271,KOTA SIBOLGA,1271,SUMATERA UTARA
res.country_city_1272,KOTA TANJUNG BALAI,1272,SUMATERA UTARA
res.country_city_1273,KOTA PEMATANG SIANTAR,1273,SUMATERA UTARA
res.country_city_1274,KOTA TEBING TINGGI,1274,SUMATERA UTARA
res.country_city_1275,KOTA MEDAN,1275,SUMATERA UTARA
res.country_city_1276,KOTA BINJAI,1276,SUMATERA UTARA
res.country_city_1277,KOTA PADANGSIDIMPUAN,1277,SUMATERA UTARA
res.country_city_1278,KOTA GUNUNGSITOLI,1278,SUMATERA UTARA
res.country_city_1301,KABUPATEN KEPULAUAN MENTAWAI,1301,SUMATERA BARAT
res.country_city_1302,KABUPATEN PESISIR SELATAN,1302,SUMATERA BARAT
res.country_city_1303,KABUPATEN SOLOK,1303,SUMATERA BARAT
res.country_city_1304,KABUPATEN SIJUNJUNG,1304,SUMATERA BARAT
res.country_city_1305,KABUPATEN TANAH DATAR,1305,SUMATERA BARAT
res.country_city_1306,KABUPATEN PADANG PARIAMAN,1306,SUMATERA BARAT
res.country_city_1307,KABUPATEN AGAM,1307,SUMATERA BARAT
res.country_city_1308,KABUPATEN LIMA PULUH KOTA,1308,SUMATERA BARAT
res.country_city_1309,KABUPATEN PASAMAN,1309,SUMATERA BARAT
res.country_city_1310,KABUPATEN SOLOK SELATAN,1310,SUMATERA BARAT
res.country_city_1311,KABUPATEN DHARMASRAYA,1311,SUMATERA BARAT
res.country_city_1312,KABUPATEN PASAMAN BARAT,1312,SUMATERA BARAT
res.country_city_1371,KOTA PADANG,1371,SUMATERA BARAT
res.country_city_1372,KOTA SOLOK,1372,SUMATERA BARAT
res.country_city_1373,KOTA SAWAH LUNTO,1373,SUMATERA BARAT
res.country_city_1374,KOTA PADANG PANJANG,1374,SUMATERA BARAT
res.country_city_1375,KOTA BUKITTINGGI,1375,SUMATERA BARAT
res.country_city_1376,KOTA PAYAKUMBUH,1376,SUMATERA BARAT
res.country_city_1377,KOTA PARIAMAN,1377,SUMATERA BARAT
res.country_city_1401,KABUPATEN KUANTAN SINGINGI,1401,RIAU
res.country_city_1402,KABUPATEN INDRAGIRI HULU,1402,RIAU
res.country_city_1403,KABUPATEN INDRAGIRI HILIR,1403,RIAU
res.country_city_1404,KABUPATEN PELALAWAN,1404,RIAU
res.country_city_1405,KABUPATEN S I A K,1405,RIAU
res.country_city_1406,KABUPATEN KAMPAR,1406,RIAU
res.country_city_1407,KABUPATEN ROKAN HULU,1407,RIAU
res.country_city_1408,KABUPATEN BENGKALIS,1408,RIAU
res.country_city_1409,KABUPATEN ROKAN HILIR,1409,RIAU
res.country_city_1410,KABUPATEN KEPULAUAN MERANTI,1410,RIAU
res.country_city_1471,KOTA PEKANBARU,1471,RIAU
res.country_city_1473,KOTA DUMAI,1473,RIAU
res.country_city_1501,KABUPATEN KERINCI,1501,JAMBI
res.country_city_1502,KABUPATEN MERANGIN,1502,JAMBI
res.country_city_1503,KABUPATEN SAROLANGUN,1503,JAMBI
res.country_city_1504,KABUPATEN BATANG HARI,1504,JAMBI
res.country_city_1505,KABUPATEN MUARO JAMBI,1505,JAMBI
res.country_city_1506,KABUPATEN TANJUNG JABUNG TIMUR,1506,JAMBI
res.country_city_1507,KABUPATEN TANJUNG JABUNG BARAT,1507,JAMBI
res.country_city_1508,KABUPATEN TEBO,1508,JAMBI
res.country_city_1509,KABUPATEN BUNGO,1509,JAMBI
res.country_city_1571,KOTA JAMBI,1571,JAMBI
res.country_city_1572,KOTA SUNGAI PENUH,1572,JAMBI
res.country_city_1601,KABUPATEN OGAN KOMERING ULU,1601,SUMATERA SELATAN
res.country_city_1602,KABUPATEN OGAN KOMERING ILIR,1602,SUMATERA SELATAN
res.country_city_1603,KABUPATEN MUARA ENIM,1603,SUMATERA SELATAN
res.country_city_1604,KABUPATEN LAHAT,1604,SUMATERA SELATAN
res.country_city_1605,KABUPATEN MUSI RAWAS,1605,SUMATERA SELATAN
res.country_city_1606,KABUPATEN MUSI BANYUASIN,1606,SUMATERA SELATAN
res.country_city_1607,KABUPATEN BANYU ASIN,1607,SUMATERA SELATAN
res.country_city_1608,KABUPATEN OGAN KOMERING ULU SELATAN,1608,SUMATERA SELATAN
res.country_city_1609,KABUPATEN OGAN KOMERING ULU TIMUR,1609,SUMATERA SELATAN
res.country_city_1610,KABUPATEN OGAN ILIR,1610,SUMATERA SELATAN
res.country_city_1611,KABUPATEN EMPAT LAWANG,1611,SUMATERA SELATAN
res.country_city_1612,KABUPATEN PENUKAL ABAB LEMATANG ILIR,1612,SUMATERA SELATAN
res.country_city_1613,KABUPATEN MUSI RAWAS UTARA,1613,SUMATERA SELATAN
res.country_city_1671,KOTA PALEMBANG,1671,SUMATERA SELATAN
res.country_city_1672,KOTA PRABUMULIH,1672,SUMATERA SELATAN
res.country_city_1673,KOTA PAGAR ALAM,1673,SUMATERA SELATAN
res.country_city_1674,KOTA LUBUKLINGGAU,1674,SUMATERA SELATAN
res.country_city_1701,KABUPATEN BENGKULU SELATAN,1701,BENGKULU
res.country_city_1702,KABUPATEN REJANG LEBONG,1702,BENGKULU
res.country_city_1703,KABUPATEN BENGKULU UTARA,1703,BENGKULU
res.country_city_1704,KABUPATEN KAUR,1704,BENGKULU
res.country_city_1705,KABUPATEN SELUMA,1705,BENGKULU
res.country_city_1706,KABUPATEN MUKOMUKO,1706,BENGKULU
res.country_city_1707,KABUPATEN LEBONG,1707,BENGKULU
res.country_city_1708,KABUPATEN KEPAHIANG,1708,BENGKULU
res.country_city_1709,KABUPATEN BENGKULU TENGAH,1709,BENGKULU
res.country_city_1771,KOTA BENGKULU,1771,BENGKULU
res.country_city_1801,KABUPATEN LAMPUNG BARAT,1801,LAMPUNG
res.country_city_1802,KABUPATEN TANGGAMUS,1802,LAMPUNG
res.country_city_1803,KABUPATEN LAMPUNG SELATAN,1803,LAMPUNG
res.country_city_1804,KABUPATEN LAMPUNG TIMUR,1804,LAMPUNG
res.country_city_1805,KABUPATEN LAMPUNG TENGAH,1805,LAMPUNG
res.country_city_1806,KABUPATEN LAMPUNG UTARA,1806,LAMPUNG
res.country_city_1807,KABUPATEN WAY KANAN,1807,LAMPUNG
res.country_city_1808,KABUPATEN TULANGBAWANG,1808,LAMPUNG
res.country_city_1809,KABUPATEN PESAWARAN,1809,LAMPUNG
res.country_city_1810,KABUPATEN PRINGSEWU,1810,LAMPUNG
res.country_city_1811,KABUPATEN MESUJI,1811,LAMPUNG
res.country_city_1812,KABUPATEN TULANG BAWANG BARAT,1812,LAMPUNG
res.country_city_1813,KABUPATEN PESISIR BARAT,1813,LAMPUNG
res.country_city_1871,KOTA BANDAR LAMPUNG,1871,LAMPUNG
res.country_city_1872,KOTA METRO,1872,LAMPUNG
res.country_city_1901,KABUPATEN BANGKA,1901,BANGKA BELITUNG
res.country_city_1902,KABUPATEN BELITUNG,1902,BANGKA BELITUNG
res.country_city_1903,KABUPATEN BANGKA BARAT,1903,BANGKA BELITUNG
res.country_city_1904,KABUPATEN BANGKA TENGAH,1904,BANGKA BELITUNG
res.country_city_1905,KABUPATEN BANGKA SELATAN,1905,BANGKA BELITUNG
res.country_city_1906,KABUPATEN BELITUNG TIMUR,1906,BANGKA BELITUNG
res.country_city_1971,KOTA PANGKAL PINANG,1971,BANGKA BELITUNG
res.country_city_2101,KABUPATEN KARIMUN,2101,KEPULAUAN RIAU
res.country_city_2102,KABUPATEN BINTAN,2102,KEPULAUAN RIAU
res.country_city_2103,KABUPATEN NATUNA,2103,KEPULAUAN RIAU
res.country_city_2104,KABUPATEN LINGGA,2104,KEPULAUAN RIAU
res.country_city_2105,KABUPATEN KEPULAUAN ANAMBAS,2105,KEPULAUAN RIAU
res.country_city_2171,KOTA BATAM,2171,KEPULAUAN RIAU
res.country_city_2172,KOTA TANJUNG PINANG,2172,KEPULAUAN RIAU
res.country_city_3101,KABUPATEN KEPULAUAN SERIBU,3101,JAKARTA
res.country_city_3171,KOTA JAKARTA SELATAN,3171,JAKARTA
res.country_city_3172,KOTA JAKARTA TIMUR,3172,JAKARTA
res.country_city_3173,KOTA JAKARTA PUSAT,3173,JAKARTA
res.country_city_3174,KOTA JAKARTA BARAT,3174,JAKARTA
res.country_city_3175,KOTA JAKARTA UTARA,3175,JAKARTA
res.country_city_3201,KABUPATEN BOGOR,3201,JAWA BARAT
res.country_city_3202,KABUPATEN SUKABUMI,3202,JAWA BARAT
res.country_city_3203,KABUPATEN CIANJUR,3203,JAWA BARAT
res.country_city_3204,KABUPATEN BANDUNG,3204,JAWA BARAT
res.country_city_3205,KABUPATEN GARUT,3205,JAWA BARAT
res.country_city_3206,KABUPATEN TASIKMALAYA,3206,JAWA BARAT
res.country_city_3207,KABUPATEN CIAMIS,3207,JAWA BARAT
res.country_city_3208,KABUPATEN KUNINGAN,3208,JAWA BARAT
res.country_city_3209,KABUPATEN CIREBON,3209,JAWA BARAT
res.country_city_3210,KABUPATEN MAJALENGKA,3210,JAWA BARAT
res.country_city_3211,KABUPATEN SUMEDANG,3211,JAWA BARAT
res.country_city_3212,KABUPATEN INDRAMAYU,3212,JAWA BARAT
res.country_city_3213,KABUPATEN SUBANG,3213,JAWA BARAT
res.country_city_3214,KABUPATEN PURWAKARTA,3214,JAWA BARAT
res.country_city_3215,KABUPATEN KARAWANG,3215,JAWA BARAT
res.country_city_3216,KABUPATEN BEKASI,3216,JAWA BARAT
res.country_city_3217,KABUPATEN BANDUNG BARAT,3217,JAWA BARAT
res.country_city_3218,KABUPATEN PANGANDARAN,3218,JAWA BARAT
res.country_city_3271,KOTA BOGOR,3271,JAWA BARAT
res.country_city_3272,KOTA SUKABUMI,3272,JAWA BARAT
res.country_city_3273,KOTA BANDUNG,3273,JAWA BARAT
res.country_city_3274,KOTA CIREBON,3274,JAWA BARAT
res.country_city_3275,KOTA BEKASI,3275,JAWA BARAT
res.country_city_3276,KOTA DEPOK,3276,JAWA BARAT
res.country_city_3277,KOTA CIMAHI,3277,JAWA BARAT
res.country_city_3278,KOTA TASIKMALAYA,3278,JAWA BARAT
res.country_city_3279,KOTA BANJAR,3279,JAWA BARAT
res.country_city_3301,KABUPATEN CILACAP,3301,JAWA TENGAH
res.country_city_3302,KABUPATEN BANYUMAS,3302,JAWA TENGAH
res.country_city_3303,KABUPATEN PURBALINGGA,3303,JAWA TENGAH
res.country_city_3304,KABUPATEN BANJARNEGARA,3304,JAWA TENGAH
res.country_city_3305,KABUPATEN KEBUMEN,3305,JAWA TENGAH
res.country_city_3306,KABUPATEN PURWOREJO,3306,JAWA TENGAH
res.country_city_3307,KABUPATEN WONOSOBO,3307,JAWA TENGAH
res.country_city_3308,KABUPATEN MAGELANG,3308,JAWA TENGAH
res.country_city_3309,KABUPATEN BOYOLALI,3309,JAWA TENGAH
res.country_city_3310,KABUPATEN KLATEN,3310,JAWA TENGAH
res.country_city_3311,KABUPATEN SUKOHARJO,3311,JAWA TENGAH
res.country_city_3312,KABUPATEN WONOGIRI,3312,JAWA TENGAH
res.country_city_3313,KABUPATEN KARANGANYAR,3313,JAWA TENGAH
res.country_city_3314,KABUPATEN SRAGEN,3314,JAWA TENGAH
res.country_city_3315,KABUPATEN GROBOGAN,3315,JAWA TENGAH
res.country_city_3316,KABUPATEN BLORA,3316,JAWA TENGAH
res.country_city_3317,KABUPATEN REMBANG,3317,JAWA TENGAH
res.country_city_3318,KABUPATEN PATI,3318,JAWA TENGAH
res.country_city_3319,KABUPATEN KUDUS,3319,JAWA TENGAH
res.country_city_3320,KABUPATEN JEPARA,3320,JAWA TENGAH
res.country_city_3321,KABUPATEN DEMAK,3321,JAWA TENGAH
res.country_city_3322,KABUPATEN SEMARANG,3322,JAWA TENGAH
res.country_city_3323,KABUPATEN TEMANGGUNG,3323,JAWA TENGAH
res.country_city_3324,KABUPATEN KENDAL,3324,JAWA TENGAH
res.country_city_3325,KABUPATEN BATANG,3325,JAWA TENGAH
res.country_city_3326,KABUPATEN PEKALONGAN,3326,JAWA TENGAH
res.country_city_3327,KABUPATEN PEMALANG,3327,JAWA TENGAH
res.country_city_3328,KABUPATEN TEGAL,3328,JAWA TENGAH
res.country_city_3329,KABUPATEN BREBES,3329,JAWA TENGAH
res.country_city_3371,KOTA MAGELANG,3371,JAWA TENGAH
res.country_city_3372,KOTA SURAKARTA,3372,JAWA TENGAH
res.country_city_3373,KOTA SALATIGA,3373,JAWA TENGAH
res.country_city_3374,KOTA SEMARANG,3374,JAWA TENGAH
res.country_city_3375,KOTA PEKALONGAN,3375,JAWA TENGAH
res.country_city_3376,KOTA TEGAL,3376,JAWA TENGAH
res.country_city_3401,KABUPATEN KULON PROGO,3401,YOGYAKARTA
res.country_city_3402,KABUPATEN BANTUL,3402,YOGYAKARTA
res.country_city_3403,KABUPATEN GUNUNG KIDUL,3403,YOGYAKARTA
res.country_city_3404,KABUPATEN SLEMAN,3404,YOGYAKARTA
res.country_city_3471,KOTA YOGYAKARTA,3471,YOGYAKARTA
res.country_city_3501,KABUPATEN PACITAN,3501,JAWA TIMUR
res.country_city_3502,KABUPATEN PONOROGO,3502,JAWA TIMUR
res.country_city_3503,KABUPATEN TRENGGALEK,3503,JAWA TIMUR
res.country_city_3504,KABUPATEN TULUNGAGUNG,3504,JAWA TIMUR
res.country_city_3505,KABUPATEN BLITAR,3505,JAWA TIMUR
res.country_city_3506,KABUPATEN KEDIRI,3506,JAWA TIMUR
res.country_city_3507,KABUPATEN MALANG,3507,JAWA TIMUR
res.country_city_3508,KABUPATEN LUMAJANG,3508,JAWA TIMUR
res.country_city_3509,KABUPATEN JEMBER,3509,JAWA TIMUR
res.country_city_3510,KABUPATEN BANYUWANGI,3510,JAWA TIMUR
res.country_city_3511,KABUPATEN BONDOWOSO,3511,JAWA TIMUR
res.country_city_3512,KABUPATEN SITUBONDO,3512,JAWA TIMUR
res.country_city_3513,KABUPATEN PROBOLINGGO,3513,JAWA TIMUR
res.country_city_3514,KABUPATEN PASURUAN,3514,JAWA TIMUR
res.country_city_3515,KABUPATEN SIDOARJO,3515,JAWA TIMUR
res.country_city_3516,KABUPATEN MOJOKERTO,3516,JAWA TIMUR
res.country_city_3517,KABUPATEN JOMBANG,3517,JAWA TIMUR
res.country_city_3518,KABUPATEN NGANJUK,3518,JAWA TIMUR
res.country_city_3519,KABUPATEN MADIUN,3519,JAWA TIMUR
res.country_city_3520,KABUPATEN MAGETAN,3520,JAWA TIMUR
res.country_city_3521,KABUPATEN NGAWI,3521,JAWA TIMUR
res.country_city_3522,KABUPATEN BOJONEGORO,3522,JAWA TIMUR
res.country_city_3523,KABUPATEN TUBAN,3523,JAWA TIMUR
res.country_city_3524,KABUPATEN LAMONGAN,3524,JAWA TIMUR
res.country_city_3525,KABUPATEN GRESIK,3525,JAWA TIMUR
res.country_city_3526,KABUPATEN BANGKALAN,3526,JAWA TIMUR
res.country_city_3527,KABUPATEN SAMPANG,3527,JAWA TIMUR
res.country_city_3528,KABUPATEN PAMEKASAN,3528,JAWA TIMUR
res.country_city_3529,KABUPATEN SUMENEP,3529,JAWA TIMUR
res.country_city_3571,KOTA KEDIRI,3571,JAWA TIMUR
res.country_city_3572,KOTA BLITAR,3572,JAWA TIMUR
res.country_city_3573,KOTA MALANG,3573,JAWA TIMUR
res.country_city_3574,KOTA PROBOLINGGO,3574,JAWA TIMUR
res.country_city_3575,KOTA PASURUAN,3575,JAWA TIMUR
res.country_city_3576,KOTA MOJOKERTO,3576,JAWA TIMUR
res.country_city_3577,KOTA MADIUN,3577,JAWA TIMUR
res.country_city_3578,KOTA SURABAYA,3578,JAWA TIMUR
res.country_city_3579,KOTA BATU,3579,JAWA TIMUR
res.country_city_3601,KABUPATEN PANDEGLANG,3601,BANTEN
res.country_city_3602,KABUPATEN LEBAK,3602,BANTEN
res.country_city_3603,KABUPATEN TANGERANG,3603,BANTEN
res.country_city_3604,KABUPATEN SERANG,3604,BANTEN
res.country_city_3671,KOTA TANGERANG,3671,BANTEN
res.country_city_3672,KOTA CILEGON,3672,BANTEN
res.country_city_3673,KOTA SERANG,3673,BANTEN
res.country_city_3674,KOTA TANGERANG SELATAN,3674,BANTEN
res.country_city_5101,KABUPATEN JEMBRANA,5101,BALI
res.country_city_5102,KABUPATEN TABANAN,5102,BALI
res.country_city_5103,KABUPATEN BADUNG,5103,BALI
res.country_city_5104,KABUPATEN GIANYAR,5104,BALI
res.country_city_5105,KABUPATEN KLUNGKUNG,5105,BALI
res.country_city_5106,KABUPATEN BANGLI,5106,BALI
res.country_city_5107,KABUPATEN KARANG ASEM,5107,BALI
res.country_city_5108,KABUPATEN BULELENG,5108,BALI
res.country_city_5171,KOTA DENPASAR,5171,BALI
res.country_city_5201,KABUPATEN LOMBOK BARAT,5201,NUSA TENGGARA BARAT
res.country_city_5202,KABUPATEN LOMBOK TENGAH,5202,NUSA TENGGARA BARAT
res.country_city_5203,KABUPATEN LOMBOK TIMUR,5203,NUSA TENGGARA BARAT
res.country_city_5204,KABUPATEN SUMBAWA,5204,NUSA TENGGARA BARAT
res.country_city_5205,KABUPATEN DOMPU,5205,NUSA TENGGARA BARAT
res.country_city_5206,KABUPATEN BIMA,5206,NUSA TENGGARA BARAT
res.country_city_5207,KABUPATEN SUMBAWA BARAT,5207,NUSA TENGGARA BARAT
res.country_city_5208,KABUPATEN LOMBOK UTARA,5208,NUSA TENGGARA BARAT
res.country_city_5271,KOTA MATARAM,5271,NUSA TENGGARA BARAT
res.country_city_5272,KOTA BIMA,5272,NUSA TENGGARA BARAT
res.country_city_5301,KABUPATEN SUMBA BARAT,5301,NUSA TENGGARA TIMUR
res.country_city_5302,KABUPATEN SUMBA TIMUR,5302,NUSA TENGGARA TIMUR
res.country_city_5303,KABUPATEN KUPANG,5303,NUSA TENGGARA TIMUR
res.country_city_5304,KABUPATEN TIMOR TENGAH SELATAN,5304,NUSA TENGGARA TIMUR
res.country_city_5305,KABUPATEN TIMOR TENGAH UTARA,5305,NUSA TENGGARA TIMUR
res.country_city_5306,KABUPATEN BELU,5306,NUSA TENGGARA TIMUR
res.country_city_5307,KABUPATEN ALOR,5307,NUSA TENGGARA TIMUR
res.country_city_5308,KABUPATEN LEMBATA,5308,NUSA TENGGARA TIMUR
res.country_city_5309,KABUPATEN FLORES TIMUR,5309,NUSA TENGGARA TIMUR
res.country_city_5310,KABUPATEN SIKKA,5310,NUSA TENGGARA TIMUR
res.country_city_5311,KABUPATEN ENDE,5311,NUSA TENGGARA TIMUR
res.country_city_5312,KABUPATEN NGADA,5312,NUSA TENGGARA TIMUR
res.country_city_5313,KABUPATEN MANGGARAI,5313,NUSA TENGGARA TIMUR
res.country_city_5314,KABUPATEN ROTE NDAO,5314,NUSA TENGGARA TIMUR
res.country_city_5315,KABUPATEN MANGGARAI BARAT,5315,NUSA TENGGARA TIMUR
res.country_city_5316,KABUPATEN SUMBA TENGAH,5316,NUSA TENGGARA TIMUR
res.country_city_5317,KABUPATEN SUMBA BARAT DAYA,5317,NUSA TENGGARA TIMUR
res.country_city_5318,KABUPATEN NAGEKEO,5318,NUSA TENGGARA TIMUR
res.country_city_5319,KABUPATEN MANGGARAI TIMUR,5319,NUSA TENGGARA TIMUR
res.country_city_5320,KABUPATEN SABU RAIJUA,5320,NUSA TENGGARA TIMUR
res.country_city_5321,KABUPATEN MALAKA,5321,NUSA TENGGARA TIMUR
res.country_city_5371,KOTA KUPANG,5371,NUSA TENGGARA TIMUR
res.country_city_6101,KABUPATEN SAMBAS,6101,KALIMANTAN BARAT
res.country_city_6102,KABUPATEN BENGKAYANG,6102,KALIMANTAN BARAT
res.country_city_6103,KABUPATEN LANDAK,6103,KALIMANTAN BARAT
res.country_city_6104,KABUPATEN MEMPAWAH,6104,KALIMANTAN BARAT
res.country_city_6105,KABUPATEN SANGGAU,6105,KALIMANTAN BARAT
res.country_city_6106,KABUPATEN KETAPANG,6106,KALIMANTAN BARAT
res.country_city_6107,KABUPATEN SINTANG,6107,KALIMANTAN BARAT
res.country_city_6108,KABUPATEN KAPUAS HULU,6108,KALIMANTAN BARAT
res.country_city_6109,KABUPATEN SEKADAU,6109,KALIMANTAN BARAT
res.country_city_6110,KABUPATEN MELAWI,6110,KALIMANTAN BARAT
res.country_city_6111,KABUPATEN KAYONG UTARA,6111,KALIMANTAN BARAT
res.country_city_6112,KABUPATEN KUBU RAYA,6112,KALIMANTAN BARAT
res.country_city_6171,KOTA PONTIANAK,6171,KALIMANTAN BARAT
res.country_city_6172,KOTA SINGKAWANG,6172,KALIMANTAN BARAT
res.country_city_6201,KABUPATEN KOTAWARINGIN BARAT,6201,KALIMANTAN TENGAH
res.country_city_6202,KABUPATEN KOTAWARINGIN TIMUR,6202,KALIMANTAN TENGAH
res.country_city_6203,KABUPATEN KAPUAS,6203,KALIMANTAN TENGAH
res.country_city_6204,KABUPATEN BARITO SELATAN,6204,KALIMANTAN TENGAH
res.country_city_6205,KABUPATEN BARITO UTARA,6205,KALIMANTAN TENGAH
res.country_city_6206,KABUPATEN SUKAMARA,6206,KALIMANTAN TENGAH
res.country_city_6207,KABUPATEN LAMANDAU,6207,KALIMANTAN TENGAH
res.country_city_6208,KABUPATEN SERUYAN,6208,KALIMANTAN TENGAH
res.country_city_6209,KABUPATEN KATINGAN,6209,KALIMANTAN TENGAH
res.country_city_6210,KABUPATEN PULANG PISAU,6210,KALIMANTAN TENGAH
res.country_city_6211,KABUPATEN GUNUNG MAS,6211,KALIMANTAN TENGAH
res.country_city_6212,KABUPATEN BARITO TIMUR,6212,KALIMANTAN TENGAH
res.country_city_6213,KABUPATEN MURUNG RAYA,6213,KALIMANTAN TENGAH
res.country_city_6271,KOTA PALANGKA RAYA,6271,KALIMANTAN TENGAH
res.country_city_6301,KABUPATEN TANAH LAUT,6301,KALIMANTAN SELATAN
res.country_city_6302,KABUPATEN KOTA BARU,6302,KALIMANTAN SELATAN
res.country_city_6303,KABUPATEN BANJAR,6303,KALIMANTAN SELATAN
res.country_city_6304,KABUPATEN BARITO KUALA,6304,KALIMANTAN SELATAN
res.country_city_6305,KABUPATEN TAPIN,6305,KALIMANTAN SELATAN
res.country_city_6306,KABUPATEN HULU SUNGAI SELATAN,6306,KALIMANTAN SELATAN
res.country_city_6307,KABUPATEN HULU SUNGAI TENGAH,6307,KALIMANTAN SELATAN
res.country_city_6308,KABUPATEN HULU SUNGAI UTARA,6308,KALIMANTAN SELATAN
res.country_city_6309,KABUPATEN TABALONG,6309,KALIMANTAN SELATAN
res.country_city_6310,KABUPATEN TANAH BUMBU,6310,KALIMANTAN SELATAN
res.country_city_6311,KABUPATEN BALANGAN,6311,KALIMANTAN SELATAN
res.country_city_6371,KOTA BANJARMASIN,6371,KALIMANTAN SELATAN
res.country_city_6372,KOTA BANJAR BARU,6372,KALIMANTAN SELATAN
res.country_city_6401,KABUPATEN PASER,6401,KALIMANTAN TIMUR
res.country_city_6402,KABUPATEN KUTAI BARAT,6402,KALIMANTAN TIMUR
res.country_city_6403,KABUPATEN KUTAI KARTANEGARA,6403,KALIMANTAN TIMUR
res.country_city_6404,KABUPATEN KUTAI TIMUR,6404,KALIMANTAN TIMUR
res.country_city_6405,KABUPATEN BERAU,6405,KALIMANTAN TIMUR
res.country_city_6409,KABUPATEN PENAJAM PASER UTARA,6409,KALIMANTAN TIMUR
res.country_city_6411,KABUPATEN MAHAKAM HULU,6411,KALIMANTAN TIMUR
res.country_city_6471,KOTA BALIKPAPAN,6471,KALIMANTAN TIMUR
res.country_city_6472,KOTA SAMARINDA,6472,KALIMANTAN TIMUR
res.country_city_6474,KOTA BONTANG,6474,KALIMANTAN TIMUR
res.country_city_6501,KABUPATEN MALINAU,6501,KALIMANTAN UTARA
res.country_city_6502,KABUPATEN BULUNGAN,6502,KALIMANTAN UTARA
res.country_city_6503,KABUPATEN TANA TIDUNG,6503,KALIMANTAN UTARA
res.country_city_6504,KABUPATEN NUNUKAN,6504,KALIMANTAN UTARA
res.country_city_6571,KOTA TARAKAN,6571,KALIMANTAN UTARA
res.country_city_7101,KABUPATEN BOLAANG MONGONDOW,7101,SULAWESI UTARA
res.country_city_7102,KABUPATEN MINAHASA,7102,SULAWESI UTARA
res.country_city_7103,KABUPATEN KEPULAUAN SANGIHE,7103,SULAWESI UTARA
res.country_city_7104,KABUPATEN KEPULAUAN TALAUD,7104,SULAWESI UTARA
res.country_city_7105,KABUPATEN MINAHASA SELATAN,7105,SULAWESI UTARA
res.country_city_7106,KABUPATEN MINAHASA UTARA,7106,SULAWESI UTARA
res.country_city_7107,KABUPATEN BOLAANG MONGONDOW UTARA,7107,SULAWESI UTARA
res.country_city_7108,KABUPATEN SIAU TAGULANDANG BIARO,7108,SULAWESI UTARA
res.country_city_7109,KABUPATEN MINAHASA TENGGARA,7109,SULAWESI UTARA
res.country_city_7110,KABUPATEN BOLAANG MONGONDOW SELATAN,7110,SULAWESI UTARA
res.country_city_7111,KABUPATEN BOLAANG MONGONDOW TIMUR,7111,SULAWESI UTARA
res.country_city_7171,KOTA MANADO,7171,SULAWESI UTARA
res.country_city_7172,KOTA BITUNG,7172,SULAWESI UTARA
res.country_city_7173,KOTA TOMOHON,7173,SULAWESI UTARA
res.country_city_7174,KOTA KOTAMOBAGU,7174,SULAWESI UTARA
res.country_city_7201,KABUPATEN BANGGAI KEPULAUAN,7201,SULAWESI TENGAH
res.country_city_7202,KABUPATEN BANGGAI,7202,SULAWESI TENGAH
res.country_city_7203,KABUPATEN MOROWALI,7203,SULAWESI TENGAH
res.country_city_7204,KABUPATEN POSO,7204,SULAWESI TENGAH
res.country_city_7205,KABUPATEN DONGGALA,7205,SULAWESI TENGAH
res.country_city_7206,KABUPATEN TOLI-TOLI,7206,SULAWESI TENGAH
res.country_city_7207,KABUPATEN BUOL,7207,SULAWESI TENGAH
res.country_city_7208,KABUPATEN PARIGI MOUTONG,7208,SULAWESI TENGAH
res.country_city_7209,KABUPATEN TOJO UNA-UNA,7209,SULAWESI TENGAH
res.country_city_7210,KABUPATEN SIGI,7210,SULAWESI TENGAH
res.country_city_7211,KABUPATEN BANGGAI LAUT,7211,SULAWESI TENGAH
res.country_city_7212,KABUPATEN MOROWALI UTARA,7212,SULAWESI TENGAH
res.country_city_7271,KOTA PALU,7271,SULAWESI TENGAH
res.country_city_7301,KABUPATEN KEPULAUAN SELAYAR,7301,SULAWESI SELATAN
res.country_city_7302,KABUPATEN BULUKUMBA,7302,SULAWESI SELATAN
res.country_city_7303,KABUPATEN BANTAENG,7303,SULAWESI SELATAN
res.country_city_7304,KABUPATEN JENEPONTO,7304,SULAWESI SELATAN
res.country_city_7305,KABUPATEN TAKALAR,7305,SULAWESI SELATAN
res.country_city_7306,KABUPATEN GOWA,7306,SULAWESI SELATAN
res.country_city_7307,KABUPATEN SINJAI,7307,SULAWESI SELATAN
res.country_city_7308,KABUPATEN MAROS,7308,SULAWESI SELATAN
res.country_city_7309,KABUPATEN PANGKAJENE DAN KEPULAUAN,7309,SULAWESI SELATAN
res.country_city_7310,KABUPATEN BARRU,7310,SULAWESI SELATAN
res.country_city_7311,KABUPATEN BONE,7311,SULAWESI SELATAN
res.country_city_7312,KABUPATEN SOPPENG,7312,SULAWESI SELATAN
res.country_city_7313,KABUPATEN WAJO,7313,SULAWESI SELATAN
res.country_city_7314,KABUPATEN SIDENRENG RAPPANG,7314,SULAWESI SELATAN
res.country_city_7315,KABUPATEN PINRANG,7315,SULAWESI SELATAN
res.country_city_7316,KABUPATEN ENREKANG,7316,SULAWESI SELATAN
res.country_city_7317,KABUPATEN LUWU,7317,SULAWESI SELATAN
res.country_city_7318,KABUPATEN TANA TORAJA,7318,SULAWESI SELATAN
res.country_city_7322,KABUPATEN LUWU UTARA,7322,SULAWESI SELATAN
res.country_city_7325,KABUPATEN LUWU TIMUR,7325,SULAWESI SELATAN
res.country_city_7326,KABUPATEN TORAJA UTARA,7326,SULAWESI SELATAN
res.country_city_7371,KOTA MAKASSAR,7371,SULAWESI SELATAN
res.country_city_7372,KOTA PAREPARE,7372,SULAWESI SELATAN
res.country_city_7373,KOTA PALOPO,7373,SULAWESI SELATAN
res.country_city_7401,KABUPATEN BUTON,7401,SULAWESI TENGGARA
res.country_city_7402,KABUPATEN MUNA,7402,SULAWESI TENGGARA
res.country_city_7403,KABUPATEN KONAWE,7403,SULAWESI TENGGARA
res.country_city_7404,KABUPATEN KOLAKA,7404,SULAWESI TENGGARA
res.country_city_7405,KABUPATEN KONAWE SELATAN,7405,SULAWESI TENGGARA
res.country_city_7406,KABUPATEN BOMBANA,7406,SULAWESI TENGGARA
res.country_city_7407,KABUPATEN WAKATOBI,7407,SULAWESI TENGGARA
res.country_city_7408,KABUPATEN KOLAKA UTARA,7408,SULAWESI TENGGARA
res.country_city_7409,KABUPATEN BUTON UTARA,7409,SULAWESI TENGGARA
res.country_city_7410,KABUPATEN KONAWE UTARA,7410,SULAWESI TENGGARA
res.country_city_7411,KABUPATEN KOLAKA TIMUR,7411,SULAWESI TENGGARA
res.country_city_7412,KABUPATEN KONAWE KEPULAUAN,7412,SULAWESI TENGGARA
res.country_city_7413,KABUPATEN MUNA BARAT,7413,SULAWESI TENGGARA
res.country_city_7414,KABUPATEN BUTON TENGAH,7414,SULAWESI TENGGARA
res.country_city_7415,KABUPATEN BUTON SELATAN,7415,SULAWESI TENGGARA
res.country_city_7471,KOTA KENDARI,7471,SULAWESI TENGGARA
res.country_city_7472,KOTA BAUBAU,7472,SULAWESI TENGGARA
res.country_city_7501,KABUPATEN BOALEMO,7501,GORONTALO
res.country_city_7502,KABUPATEN GORONTALO,7502,GORONTALO
res.country_city_7503,KABUPATEN POHUWATO,7503,GORONTALO
res.country_city_7504,KABUPATEN BONE BOLANGO,7504,GORONTALO
res.country_city_7505,KABUPATEN GORONTALO UTARA,7505,GORONTALO
res.country_city_7571,KOTA GORONTALO,7571,GORONTALO
res.country_city_7601,KABUPATEN MAJENE,7601,SULAWESI BARAT
res.country_city_7602,KABUPATEN POLEWALI MANDAR,7602,SULAWESI BARAT
res.country_city_7603,KABUPATEN MAMASA,7603,SULAWESI BARAT
res.country_city_7604,KABUPATEN MAMUJU,7604,SULAWESI BARAT
res.country_city_7605,KABUPATEN MAMUJU UTARA,7605,SULAWESI BARAT
res.country_city_7606,KABUPATEN MAMUJU TENGAH,7606,SULAWESI BARAT
res.country_city_8101,KABUPATEN MALUKU TENGGARA BARAT,8101,MALUKU
res.country_city_8102,KABUPATEN MALUKU TENGGARA,8102,MALUKU
res.country_city_8103,KABUPATEN MALUKU TENGAH,8103,MALUKU
res.country_city_8104,KABUPATEN BURU,8104,MALUKU
res.country_city_8105,KABUPATEN KEPULAUAN ARU,8105,MALUKU
res.country_city_8106,KABUPATEN SERAM BAGIAN BARAT,8106,MALUKU
res.country_city_8107,KABUPATEN SERAM BAGIAN TIMUR,8107,MALUKU
res.country_city_8108,KABUPATEN MALUKU BARAT DAYA,8108,MALUKU
res.country_city_8109,KABUPATEN BURU SELATAN,8109,MALUKU
res.country_city_8171,KOTA AMBON,8171,MALUKU
res.country_city_8172,KOTA TUAL,8172,MALUKU
res.country_city_8201,KABUPATEN HALMAHERA BARAT,8201,MALUKU UTARA
res.country_city_8202,KABUPATEN HALMAHERA TENGAH,8202,MALUKU UTARA
res.country_city_8203,KABUPATEN KEPULAUAN SULA,8203,MALUKU UTARA
res.country_city_8204,KABUPATEN HALMAHERA SELATAN,8204,MALUKU UTARA
res.country_city_8205,KABUPATEN HALMAHERA UTARA,8205,MALUKU UTARA
res.country_city_8206,KABUPATEN HALMAHERA TIMUR,8206,MALUKU UTARA
res.country_city_8207,KABUPATEN PULAU MOROTAI,8207,MALUKU UTARA
res.country_city_8208,KABUPATEN PULAU TALIABU,8208,MALUKU UTARA
res.country_city_8271,KOTA TERNATE,8271,MALUKU UTARA
res.country_city_8272,KOTA TIDORE KEPULAUAN,8272,MALUKU UTARA
res.country_city_9101,KABUPATEN FAKFAK,9101,PAPUA BARAT
res.country_city_9102,KABUPATEN KAIMANA,9102,PAPUA BARAT
res.country_city_9103,KABUPATEN TELUK WONDAMA,9103,PAPUA BARAT
res.country_city_9104,KABUPATEN TELUK BINTUNI,9104,PAPUA BARAT
res.country_city_9105,KABUPATEN MANOKWARI,9105,PAPUA BARAT
res.country_city_9106,KABUPATEN SORONG SELATAN,9106,PAPUA BARAT
res.country_city_9107,KABUPATEN SORONG,9107,PAPUA BARAT
res.country_city_9108,KABUPATEN RAJA AMPAT,9108,PAPUA BARAT
res.country_city_9109,KABUPATEN TAMBRAUW,9109,PAPUA BARAT
res.country_city_9110,KABUPATEN MAYBRAT,9110,PAPUA BARAT
res.country_city_9111,KABUPATEN MANOKWARI SELATAN,9111,PAPUA BARAT
res.country_city_9112,KABUPATEN PEGUNUNGAN ARFAK,9112,PAPUA BARAT
res.country_city_9171,KOTA SORONG,9171,PAPUA BARAT
res.country_city_9401,KABUPATEN MERAUKE,9401,PAPUA
res.country_city_9402,KABUPATEN JAYAWIJAYA,9402,PAPUA
res.country_city_9403,KABUPATEN JAYAPURA,9403,PAPUA
res.country_city_9404,KABUPATEN NABIRE,9404,PAPUA
res.country_city_9408,KABUPATEN KEPULAUAN YAPEN,9408,PAPUA
res.country_city_9409,KABUPATEN BIAK NUMFOR,9409,PAPUA
res.country_city_9410,KABUPATEN PANIAI,9410,PAPUA
res.country_city_9411,KABUPATEN PUNCAK JAYA,9411,PAPUA
res.country_city_9412,KABUPATEN MIMIKA,9412,PAPUA
res.country_city_9413,KABUPATEN BOVEN DIGOEL,9413,PAPUA
res.country_city_9414,KABUPATEN MAPPI,9414,PAPUA
res.country_city_9415,KABUPATEN ASMAT,9415,PAPUA
res.country_city_9416,KABUPATEN YAHUKIMO,9416,PAPUA
res.country_city_9417,KABUPATEN PEGUNUNGAN BINTANG,9417,PAPUA
res.country_city_9418,KABUPATEN TOLIKARA,9418,PAPUA
res.country_city_9419,KABUPATEN SARMI,9419,PAPUA
res.country_city_9420,KABUPATEN KEEROM,9420,PAPUA
res.country_city_9426,KABUPATEN WAROPEN,9426,PAPUA
res.country_city_9427,KABUPATEN SUPIORI,9427,PAPUA
res.country_city_9428,KABUPATEN MAMBERAMO RAYA,9428,PAPUA
res.country_city_9429,KABUPATEN NDUGA,9429,PAPUA
res.country_city_9430,KABUPATEN LANNY JAYA,9430,PAPUA
res.country_city_9431,KABUPATEN MAMBERAMO TENGAH,9431,PAPUA
res.country_city_9432,KABUPATEN YALIMO,9432,PAPUA
res.country_city_9433,KABUPATEN PUNCAK,9433,PAPUA
res.country_city_9434,KABUPATEN DOGIYAI,9434,PAPUA
res.country_city_9435,KABUPATEN INTAN JAYA,9435,PAPUA
res.country_city_9436,KABUPATEN DEIYAI,9436,PAPUA
res.country_city_9471,KOTA JAYAPURA,9471,PAPUA
